1,73935.329,34805.658,90.344
2,73932.911,34806.053,90.391
3,73930.349,34806.469,90.436
4,73927.877,34806.869,90.481
5,73925.313,34807.285,90.534
6,73922.852,34807.685,90.581
7,73920.281,34808.102,90.629
8,73918.166,34808.444,90.67
9,73915.757,34808.834,90.72
10,73913.14,34809.258,90.774
11,73910.719,34809.651,90.83
12,73908.092,34810.08,90.895
13,73905.667,34810.472,90.957
14,73903.08,34810.894,91.026
15,73900.644,34811.29,91.093
16,73898.121,34811.705,91.163
17,73896.125,34812.037,91.225
18,73893.625,34812.462,91.304
19,73891.589,34812.818,91.365
20,73888.576,34813.361,91.454
21,73886.019,34813.85,91.531
22,73883.444,34814.363,91.608
23,73881.239,34814.828,91.676
24,73878.756,34815.378,91.755
25,73876.263,34815.959,91.835
26,73874.277,34816.456,91.894
27,73871.292,34817.274,91.981
28,73868.856,34818.015,92.053
29,73866.477,34818.823,92.118
30,73864.427,34819.602,92.174
31,73862.008,34820.624,92.236
32,73859.815,34821.656,92.285
33,73857.729,34822.73,92.326
34,73855.437,34824.02,92.368
35,73853.169,34825.419,92.403
36,73851.087,34826.824,92.435
37,73848.93,34828.413,92.469
38,73846.907,34830.019,92.492
39,73844.844,34831.785,92.516
40,73843.243,34833.249,92.532
41,73841.392,34835.051,92.55
42,73839.889,34836.602,92.575
43,73838.098,34838.564,92.605
44,73836.387,34840.58,92.633
45,73834.652,34842.774,92.671
46,73833.428,34844.419,92.703
47,73831.888,34846.632,92.749
48,73830.707,34848.438,92.785
49,73829.614,34850.224,92.823
50,73828.077,34852.952,92.878
51,73826.796,34855.427,92.934
52,73825.883,34857.334,92.974
53,73824.97,34859.398,93.012
54,73823.969,34861.864,93.06
55,73823.025,34864.454,93.112
56,73822.193,34867.044,93.162
57,73821.578,34869.216,93.204
58,73820.969,34871.627,93.249
59,73820.414,34874.208,93.297
60,73820.036,34876.31,93.334
61,73819.618,34879.144,93.388
62,73819.379,34881.232,93.423
63,73819.187,34883.532,93.462
64,73819.066,34885.82,93.496
65,73818.998,34888.923,93.545
66,73819.017,34891.554,93.587
67,73819.082,34893.89,93.624
68,73819.183,34896.279,93.662
69,73819.336,34898.891,93.701
70,73819.506,34901.335,93.736
71,73819.703,34903.999,93.765
72,73819.887,34906.421,93.779
73,73820.082,34909.069,93.804
74,73820.232,34911.143,93.833
75,73820.409,34913.676,93.869
76,73820.592,34916.281,93.904
77,73820.756,34918.737,93.942
78,73820.919,34921.249,93.977
79,73821.083,34923.856,94.011
80,73821.215,34925.968,94.041
81,73821.365,34928.469,94.085
82,73821.516,34931.016,94.129
83,73821.666,34933.525,94.172
84,73821.824,34936.176,94.218
85,73821.966,34938.604,94.26
86,73822.111,34941.102,94.304
87,73822.262,34943.734,94.355
88,73822.404,34946.182,94.395
89,73822.557,34948.836,94.438
90,73822.68,34950.974,94.477
91,73822.821,34953.41,94.521
92,73822.968,34956.011,94.569
93,73823.111,34958.471,94.612
94,73823.26,34961.082,94.657
95,73823.405,34963.58,94.7
96,73823.551,34966.104,94.749
97,73935.56,34807.074,90.342
98,73933.141,34807.469,90.385
99,73930.578,34807.885,90.433
100,73928.107,34808.285,90.481
101,73925.544,34808.702,90.534
102,73923.082,34809.101,90.581
103,73920.511,34809.517,90.629
104,73918.395,34809.86,90.67
105,73915.987,34810.251,90.72
106,73913.369,34810.675,90.775
107,73910.95,34811.066,90.83
108,73908.322,34811.496,90.896
109,73905.897,34811.889,90.962
110,73903.311,34812.309,91.024
111,73900.875,34812.706,91.086
112,73898.355,34813.12,91.148
113,73896.362,34813.451,91.205
114,73893.869,34813.876,91.277
115,73891.839,34814.231,91.333
116,73888.839,34814.773,91.413
117,73886.293,34815.257,91.482
118,73883.733,34815.768,91.554
119,73881.542,34816.229,91.614
120,73879.075,34816.777,91.685
121,73876.602,34817.356,91.76
122,73874.639,34817.848,91.814
123,73871.693,34818.656,91.892
124,73869.297,34819.385,91.958
125,73866.966,34820.177,92.017
126,73864.96,34820.938,92.07
127,73862.597,34821.939,92.131
128,73860.452,34822.948,92.182
129,73858.41,34823.998,92.228
130,73856.168,34825.26,92.267
131,73853.951,34826.628,92.302
132,73851.915,34828.001,92.333
133,73849.804,34829.555,92.364
134,73847.823,34831.13,92.388
135,73845.799,34832.86,92.412
136,73844.228,34834.296,92.427
137,73842.412,34836.067,92.446
138,73840.933,34837.588,92.468
139,73839.178,34839.515,92.498
140,73837.499,34841.492,92.527
141,73835.795,34843.647,92.561
142,73834.593,34845.262,92.597
143,73833.08,34847.433,92.653
144,73831.923,34849.206,92.686
145,73830.851,34850.956,92.718
146,73829.345,34853.634,92.771
147,73828.085,34856.065,92.834
148,73827.19,34857.936,92.877
149,73826.294,34859.962,92.911
150,73825.311,34862.382,92.955
151,73824.385,34864.92,93.009
152,73823.569,34867.456,93.056
153,73822.967,34869.588,93.097
154,73822.372,34871.956,93.144
155,73821.825,34874.484,93.192
156,73821.455,34876.546,93.231
157,73821.044,34879.327,93.285
158,73820.81,34881.375,93.322
159,73820.621,34883.629,93.357
160,73820.504,34885.877,93.398
161,73820.437,34888.932,93.459
162,73820.454,34891.528,93.505
163,73820.516,34893.84,93.551
164,73820.614,34896.207,93.595
165,73820.766,34898.8,93.643
166,73820.935,34901.233,93.684
167,73821.133,34903.892,93.724
168,73821.317,34906.314,93.749
169,73821.512,34908.964,93.781
170,73821.663,34911.041,93.816
171,73821.841,34913.575,93.859
172,73822.023,34916.183,93.903
173,73822.189,34918.642,93.945
174,73822.352,34921.158,93.979
175,73822.515,34923.767,94.012
176,73822.647,34925.881,94.044
177,73822.796,34928.384,94.088
178,73822.946,34930.931,94.13
179,73823.095,34933.439,94.174
180,73823.255,34936.091,94.22
181,73823.394,34938.521,94.26
182,73823.539,34941.02,94.305
183,73823.691,34943.651,94.352
184,73823.834,34946.099,94.393
185,73823.986,34948.754,94.437
186,73824.111,34950.892,94.479
187,73824.251,34953.328,94.528
188,73824.398,34955.93,94.575
189,73824.54,34958.389,94.617
190,73824.69,34960.999,94.662
191,73824.835,34963.497,94.702
192,73824.981,34966.021,94.748